[{"model": "movies.classification", "pk": 1, "fields": {"text": "G", "image": "classifications/images_1.png"}}, {"model": "movies.classification", "pk": 2, "fields": {"text": "PG", "image": "classifications/pg.png"}}, {"model": "movies.classification", "pk": 3, "fields": {"text": "M", "image": "classifications/m.png"}}, {"model": "movies.classification", "pk": 4, "fields": {"text": "MA", "image": "classifications/ma.png"}}, {"model": "movies.classification", "pk": 5, "fields": {"text": "R", "image": "classifications/r.png"}}, {"model": "movies.genre", "pk": 1, "fields": {"name": "Science Fiction", "image": "genres/scifi.png"}}, {"model": "movies.genre", "pk": 2, "fields": {"name": "Comedy", "image": "genres/comedy.png"}}, {"model": "movies.genre", "pk": 3, "fields": {"name": "Children", "image": "genres/children.png"}}, {"model": "movies.genre", "pk": 4, "fields": {"name": "Drama", "image": "genres/drama.png"}}, {"model": "movies.genre", "pk": 5, "fields": {"name": "Romance", "image": "genres/romance.png"}}, {"model": "movies.genre", "pk": 6, "fields": {"name": "Thriller", "image": "genres/thriller.png"}}, {"model": "movies.genre", "pk": 7, "fields": {"name": "Action", "image": "genres/action.png"}}, {"model": "movies.genre", "pk": 8, "fields": {"name": "Documentary", "image": "genres/doco.png"}}, {"model": "movies.genre", "pk": 9, "fields": {"name": "Horror", "image": "genres/horror.png"}}, {"model": "movies.genre", "pk": 10, "fields": {"name": "Animated", "image": "genres/animated.png"}}, {"model": "movies.provider", "pk": 1, "fields": {"name": "Netflix", "url": "https://www.netflix.com.au", "image": "providers/images.png"}}, {"model": "movies.provider", "pk": 2, "fields": {"name": "Stan", "url": "https://www.stan.com.au/", "image": "providers/stan.jpg"}}, {"model": "movies.provider", "pk": 3, "fields": {"name": "Prime Video", "url": "https://www.primevideo.com/", "image": "providers/images_1.jpeg"}}, {"model": "movies.provider", "pk": 4, "fields": {"name": "Foxtel Now", "url": "https://www.foxtel.com.au/now/index.html", "image": "providers/foxtelnow.png"}}, {"model": "movies.provider", "pk": 5, "fields": {"name": "Disney+", "url": "https://preview.disneyplus.com/au", "image": "providers/images.jpeg"}}, {"model": "movies.movie", "pk": 1, "fields": {"title": "The Little Mermaid", "summary": "Ursula, the sea witch, makes a devious deal with Princess Ariel allowing her to meet Eric, the human prince she loves. Unaware of her true intentions, Ariel lands herself in trouble.", "duration": "01:25:00", "release_date": "1991-07-06", "image": "movies/mermaid.jpeg", "classification": 1, "genre": [3, 10], "provider": [2, 5]}}, {"model": "movies.movie", "pk": 2, "fields": {"title": "Poseidon", "summary": "On New Year's Eve, a giant wave crashes into Poseidon, a luxurious cruise liner, and flips it upside down. As the ship begins to sink, the passengers struggle to find a way to survive.", "duration": "01:39:00", "release_date": "2006-05-10", "image": "movies/poseidon.jpeg", "classification": 3, "genre": [7], "provider": [4]}}, {"model": "movies.movie", "pk": 3, "fields": {"title": "Jaws", "summary": "A police chief, a marine scientist and a fisherman spring into action after a white shark terrorises the inhabitants of Amity, a quiet island.", "duration": "02:10:00", "release_date": "1975-11-27", "image": "movies/jaws.jpeg", "classification": 4, "genre": [6, 7, 9], "provider": [1, 2]}}, {"model": "movies.movie", "pk": 4, "fields": {"title": "Finding Nemo", "summary": "After his son gets abducted in the Great Barrier Reef and is despatched to Sydney, a meek clownfish embarks on a journey to bring him home.", "duration": "01:44:00", "release_date": "2003-08-28", "image": "movies/finding_nemo.jpeg", "classification": 1, "genre": [2, 3, 10], "provider": [3, 5]}}, {"model": "movies.movie", "pk": 5, "fields": {"title": "Deep Blue Sea", "summary": "A group of researchers try to find a cure for Alzheimer's disease by genetically modifying shark brains. However, trouble ensues when the now-smarter sharks hunt down their creators.", "duration": "01:45:00", "release_date": "1999-09-27", "image": "movies/deep_bleu_sea.jpeg", "classification": 4, "genre": [6, 7], "provider": [3]}}, {"model": "movies.movie", "pk": 6, "fields": {"title": "Aquaman", "summary": "Half-human, half-Atlantean Arthur is born with the ability to communicate with marine creatures. His motive is to retrieve the legendary Trident of Atlan and protect the water world.", "duration": "02:22:00", "release_date": "2018-12-26", "image": "movies/aquaman.jpeg", "classification": 3, "genre": [1, 7], "provider": [1]}}, {"model": "movies.movie", "pk": 7, "fields": {"title": "Blackfish", "summary": "The story of Tilikum, a captive killer whale that has taken the lives of several people, underscores problems within the sea-park industry, man's relationship to nature, and how little has been learned about these highly intelligent mammals.", "duration": "01:30:00", "release_date": "2013-07-19", "image": "movies/blackfish.jpeg", "classification": 3, "genre": [8], "provider": [1, 2]}}, {"model": "movies.movie", "pk": 8, "fields": {"title": "The Cove", "summary": "In Taiji, Japan, local fishermen hide a gruesome secret: the capture and slaughter of dolphins. Activist Ric O'Barry, who trained dolphins for the \"Flipper\" TV series, joins forces with filmmaker Louis Psihoyos and the Ocean Preservation Society to expose the brutal practice, risking life and limb in the process.", "duration": "01:32:00", "release_date": "2009-08-20", "image": "movies/the_cove.jpeg", "classification": 3, "genre": [8], "provider": [3]}}, {"model": "movies.movie", "pk": 9, "fields": {"title": "A Shark's Tale", "summary": "Oscar, a fast-talking fish, becomes an overnight sensation when he lies about having killed a shark. However, he soon begins to suffer the consequences of his deceptive actions.", "duration": "01:31:00", "release_date": "2004-09-10", "image": "movies/shark_tale.jpeg", "classification": 1, "genre": [10], "provider": [1, 4]}}, {"model": "movies.movie", "pk": 10, "fields": {"title": "The Meg", "summary": "When the members of an underwater research facility are under threat owing to a 75 feet prehistoric shark, Jonas Taylor, a deep sea diver, is hired to save them.", "duration": "01:52:00", "release_date": "2018-08-16", "image": "movies/meg.jpeg", "classification": 3, "genre": [1, 2, 6], "provider": [1]}}, {"model": "movies.movie", "pk": 11, "fields": {"title": "Lady in the Water", "summary": "Cleveland Heep, an apartment superintendent, encounters a girl swimming in the complex's pool and learns that she is actually a magical character from a story who wants to return to her world.", "duration": "01:50:00", "release_date": "2006-07-21", "image": "movies/lady.jpeg", "classification": 3, "genre": [4, 5], "provider": [1, 4]}}, {"model": "movies.profile", "pk": 5, "fields": {"user": 11, "date_of_birth": null, "avatar": "popcorn.jpg", "preferred_genres": [], "preferred_providers": [], "watchlist": []}}, {"model": "movies.profile", "pk": 6, "fields": {"user": 12, "date_of_birth": null, "avatar": "popcorn.jpg", "preferred_genres": [], "preferred_providers": [], "watchlist": []}}, {"model": "movies.profile", "pk": 7, "fields": {"user": 13, "date_of_birth": null, "avatar": "popcorn.jpg", "preferred_genres": [], "preferred_providers": [], "watchlist": []}}, {"model": "movies.profile", "pk": 8, "fields": {"user": 14, "date_of_birth": null, "avatar": "popcorn.jpg", "preferred_genres": [], "preferred_providers": [], "watchlist": []}}, {"model": "movies.profile", "pk": 9, "fields": {"user": 15, "date_of_birth": null, "avatar": "popcorn.jpg", "preferred_genres": [], "preferred_providers": [], "watchlist": []}}, {"model": "movies.profile", "pk": 10, "fields": {"user": 16, "date_of_birth": null, "avatar": "popcorn.jpg", "preferred_genres": [], "preferred_providers": [], "watchlist": []}}, {"model": "movies.profile", "pk": 11, "fields": {"user": 17, "date_of_birth": null, "avatar": "popcorn.jpg", "preferred_genres": [], "preferred_providers": [], "watchlist": []}}, {"model": "movies.profile", "pk": 12, "fields": {"user": 18, "date_of_birth": null, "avatar": "popcorn.jpg", "preferred_genres": [], "preferred_providers": [], "watchlist": []}}, {"model": "movies.profile", "pk": 13, "fields": {"user": 19, "date_of_birth": null, "avatar": "popcorn.jpg", "preferred_genres": [], "preferred_providers": [], "watchlist": []}}, {"model": "movies.profile", "pk": 14, "fields": {"user": 20, "date_of_birth": null, "avatar": "popcorn.jpg", "preferred_genres": [], "preferred_providers": [], "watchlist": []}}, {"model": "movies.profile", "pk": 15, "fields": {"user": 21, "date_of_birth": null, "avatar": "popcorn.jpg", "preferred_genres": [], "preferred_providers": [], "watchlist": []}}, {"model": "movies.profile", "pk": 16, "fields": {"user": 22, "date_of_birth": null, "avatar": "popcorn.jpg", "preferred_genres": [], "preferred_providers": [], "watchlist": []}}, {"model": "movies.profile", "pk": 17, "fields": {"user": 23, "date_of_birth": null, "avatar": "popcorn.jpg", "preferred_genres": [], "preferred_providers": [], "watchlist": []}}, {"model": "movies.profile", "pk": 18, "fields": {"user": 24, "date_of_birth": null, "avatar": "popcorn.jpg", "preferred_genres": [], "preferred_providers": [], "watchlist": []}}, {"model": "movies.profile", "pk": 19, "fields": {"user": 25, "date_of_birth": null, "avatar": "popcorn.jpg", "preferred_genres": [], "preferred_providers": [], "watchlist": []}}, {"model": "movies.profile", "pk": 20, "fields": {"user": 26, "date_of_birth": null, "avatar": "popcorn.jpg", "preferred_genres": [], "preferred_providers": [], "watchlist": []}}, {"model": "movies.profile", "pk": 21, "fields": {"user": 27, "date_of_birth": null, "avatar": "popcorn.jpg", "preferred_genres": [], "preferred_providers": [], "watchlist": []}}, {"model": "movies.profile", "pk": 22, "fields": {"user": 28, "date_of_birth": null, "avatar": "popcorn.jpg", "preferred_genres": [], "preferred_providers": [], "watchlist": []}}, {"model": "movies.profile", "pk": 23, "fields": {"user": 29, "date_of_birth": null, "avatar": "popcorn.jpg", "preferred_genres": [], "preferred_providers": [], "watchlist": []}}, {"model": "movies.profile", "pk": 24, "fields": {"user": 30, "date_of_birth": null, "avatar": "popcorn.jpg", "preferred_genres": [], "preferred_providers": [], "watchlist": []}}, {"model": "movies.profile", "pk": 25, "fields": {"user": 31, "date_of_birth": "1991-04-04", "avatar": "popcorn.jpg", "preferred_genres": [], "preferred_providers": [], "watchlist": []}}, {"model": "movies.profile", "pk": 26, "fields": {"user": 32, "date_of_birth": null, "avatar": "popcorn.jpg", "preferred_genres": [], "preferred_providers": [], "watchlist": []}}, {"model": "movies.profile", "pk": 27, "fields": {"user": 37, "date_of_birth": null, "avatar": "popcorn.jpg", "preferred_genres": [], "preferred_providers": [], "watchlist": []}}, {"model": "movies.profile", "pk": 28, "fields": {"user": 38, "date_of_birth": null, "avatar": "popcorn.jpg", "preferred_genres": [], "preferred_providers": [], "watchlist": []}}, {"model": "movies.profile", "pk": 29, "fields": {"user": 39, "date_of_birth": null, "avatar": "popcorn.jpg", "preferred_genres": [], "preferred_providers": [], "watchlist": []}}, {"model": "movies.profile", "pk": 30, "fields": {"user": 40, "date_of_birth": null, "avatar": "popcorn.jpg", "preferred_genres": [], "preferred_providers": [], "watchlist": []}}, {"model": "movies.profile", "pk": 31, "fields": {"user": 41, "date_of_birth": null, "avatar": "popcorn.jpg", "preferred_genres": [], "preferred_providers": [], "watchlist": []}}, {"model": "movies.profile", "pk": 32, "fields": {"user": 42, "date_of_birth": null, "avatar": "popcorn.jpg", "preferred_genres": [], "preferred_providers": [], "watchlist": []}}, {"model": "movies.profile", "pk": 33, "fields": {"user": 43, "date_of_birth": null, "avatar": "popcorn.jpg", "preferred_genres": [], "preferred_providers": [], "watchlist": []}}, {"model": "movies.profile", "pk": 34, "fields": {"user": 44, "date_of_birth": null, "avatar": "popcorn.jpg", "preferred_genres": [], "preferred_providers": [], "watchlist": []}}, {"model": "movies.profile", "pk": 35, "fields": {"user": 45, "date_of_birth": null, "avatar": "popcorn.jpg", "preferred_genres": [], "preferred_providers": [], "watchlist": []}}, {"model": "movies.profile", "pk": 36, "fields": {"user": 46, "date_of_birth": null, "avatar": "popcorn.jpg", "preferred_genres": [], "preferred_providers": [], "watchlist": []}}, {"model": "movies.profile", "pk": 37, "fields": {"user": 47, "date_of_birth": null, "avatar": "popcorn.jpg", "preferred_genres": [], "preferred_providers": [], "watchlist": []}}, {"model": "movies.profile", "pk": 38, "fields": {"user": 48, "date_of_birth": null, "avatar": "popcorn.jpg", "preferred_genres": [], "preferred_providers": [], "watchlist": []}}, {"model": "movies.profile", "pk": 39, "fields": {"user": 49, "date_of_birth": null, "avatar": "popcorn.jpg", "preferred_genres": [], "preferred_providers": [], "watchlist": []}}]